Fund Holdings as of,"2024/04/02"
 
Ticker,Name,Sector,Asset Class,Market Value,Weight (%),Notional Value,Shares,Price,Location,Exchange,Currency,FX Rate,Market Currency
"9983","FAST RETAILING LTD","Retail Trade","Equity","167,154,840,000.00","11.44","167,154,840,000.00","3,558,000.00","46,980.00","Japan","Tokyo Stock Exchange","JPY","1.00","JPY"
"8035","TOKYO ELECTRON LTD","Electric Appliances","Equity","140,932,380,000.00","9.65","140,932,380,000.00","3,558,000.00","39,610.00","Japan","Tokyo Stock Exchange","JPY","1.00","JPY"
"9984","SOFTBANK GROUP CORP","Information & Communication","Equity","62,592,336,000.00","4.28","62,592,336,000.00","7,116,000.00","8,796.00","Japan","Tokyo Stock Exchange","JPY","1.00","JPY"
"6857","ADVANTEST CORP","Electric Appliances","Equity","61,083,744,000.00","4.18","61,083,744,000.00","9,488,000.00","6,438.00","Japan","Tokyo Stock Exchange","JPY","1.00","JPY"
"4063","SHIN ETSU CHEMICAL LTD","Chemicals","Equity","37,756,310,000.00","2.58","37,756,310,000.00","5,930,000.00","6,367.00","Japan","Tokyo Stock Exchange","JPY","1.00","JPY"
"9433","KDDI CORP","Information & Communication","Equity","31,673,316,000.00","2.17","31,673,316,000.00","7,116,000.00","4,451.00","Japan","Tokyo Stock Exchange","JPY","1.00","JPY"
"6762","TDK CORP","Electric Appliances","Equity","26,507,100,000.00","1.81","26,507,100,000.00","3,558,000.00","7,450.00","Japan","Tokyo Stock Exchange","JPY","1.00","JPY"
"4543","TERUMO CORP","Precision Instruments","Equity","25,612,856,000.00","1.75","25,612,856,000.00","9,488,000.00","2,699.50","Japan","Tokyo Stock Exchange","JPY","1.00","JPY"
"6954","FANUC CORP","Electric Appliances","Equity","24,734,030,000.00","1.69","24,734,030,000.00","5,930,000.00","4,171.00","Japan","Tokyo Stock Exchange","JPY","1.00","JPY"
"6367","DAIKIN INDUSTRIES LTD","Machinery","Equity","24,716,240,000.00","1.69","24,716,240,000.00","1,186,000.00","20,840.00","Japan","Tokyo Stock Exchange","JPY","1.00","JPY"
"6098","RECRUIT HOLDINGS LTD","Services","Equity","23,472,126,000.00","1.61","23,472,126,000.00","3,558,000.00","6,597.00","Japan","Tokyo Stock Exchange","JPY","1.00","JPY"
"7203","TOYOTA MOTOR CORP","Transportation Equipment","Equity","21,543,690,000.00","1.47","21,543,690,000.00","5,930,000.00","3,633.00","Japan","Tokyo Stock Exchange","JPY","1.00","JPY"
"6920","LASERTEC CORP","Electric Appliances","Equity","19,825,176,000.00","1.36","19,825,176,000.00","474,400.00","41,790.00","Japan","Tokyo Stock Exchange","JPY","1.00","JPY"
"4519","CHUGAI PHARMACEUTICAL LTD","Pharmaceutical","Equity","19,793,154,000.00","1.35","19,793,154,000.00","3,558,000.00","5,563.00","Japan","Tokyo Stock Exchange","JPY","1.00","JPY"
"6971","KYOCERA CORP","Electric Appliances","Equity","18,700,848,000.00","1.28","18,700,848,000.00","9,488,000.00","1,971.00","Japan","Tokyo Stock Exchange","JPY","1.00","JPY"
"4568","DAIICHI SANKYO LTD","Pharmaceutical","Equity","16,484,214,000.00","1.13","16,484,214,000.00","3,558,000.00","4,633.00","Japan","Tokyo Stock Exchange","JPY","1.00","JPY"
"6988","NITTO DENKO CORP","Chemicals","Equity","16,443,890,000.00","1.13","16,443,890,000.00","1,186,000.00","13,865.00","Japan","Tokyo Stock Exchange","JPY","1.00","JPY"
"6758","SONY GROUP CORP","Electric Appliances","Equity","15,453,580,000.00","1.06","15,453,580,000.00","1,186,000.00","13,030.00","Japan","Tokyo Stock Exchange","JPY","1.00","JPY"
"JPY","JPY CASH","Other","Cash","14,850,229,560.75","1.02","14,850,229,560.75","14,850,229,561.00","100.00","Japan","-","JPY","1.00","JPY"
"9613","NTT DATA GROUP CORP","Information & Communication","Equity","14,033,345,000.00","0.96","14,033,345,000.00","5,930,000.00","2,366.50","Japan","Tokyo Stock Exchange","JPY","1.00","JPY"
"9843","NITORI HOLDINGS LTD","Retail Trade","Equity","13,784,285,000.00","0.94","13,784,285,000.00","593,000.00","23,245.00","Japan","Tokyo Stock Exchange","JPY","1.00","JPY"
"6146","DISCO CORP","Machinery","Equity","13,522,772,000.00","0.93","13,522,772,000.00","237,200.00","57,010.00","Japan","Tokyo Stock Exchange","JPY","1.00","JPY"
"6902","DENSO CORP","Transportation Equipment","Equity","13,242,876,000.00","0.91","13,242,876,000.00","4,744,000.00","2,791.50","Japan","Tokyo Stock Exchange","JPY","1.00","JPY"
"7267","HONDA MOTOR LTD","Transportation Equipment","Equity","13,118,346,000.00","0.90","13,118,346,000.00","7,116,000.00","1,843.50","Japan","Tokyo Stock Exchange","JPY","1.00","JPY"
"9735","SECOM LTD","Services","Equity","12,767,290,000.00","0.87","12,767,290,000.00","1,186,000.00","10,765.00","Japan","Tokyo Stock Exchange","JPY","1.00","JPY"
"8058","MITSUBISHI CORP","Wholesale Trade","Equity","12,271,542,000.00","0.84","12,271,542,000.00","3,558,000.00","3,449.00","Japan","Tokyo Stock Exchange","JPY","1.00","JPY"
"9766","KONAMI GROUP CORP","Information & Communication","Equity","11,990,460,000.00","0.82","11,990,460,000.00","1,186,000.00","10,110.00","Japan","Tokyo Stock Exchange","JPY","1.00","JPY"
"4901","FUJIFILM HOLDINGS CORP","Chemicals","Equity","11,855,256,000.00","0.81","11,855,256,000.00","3,558,000.00","3,332.00","Japan","Tokyo Stock Exchange","JPY","1.00","JPY"
"8015","TOYOTA TSUSHO CORP","Wholesale Trade","Equity","11,826,792,000.00","0.81","11,826,792,000.00","1,186,000.00","9,972.00","Japan","Tokyo Stock Exchange","JPY","1.00","JPY"
"2801","KIKKOMAN CORP","Foods","Equity","11,201,770,000.00","0.77","11,201,770,000.00","5,930,000.00","1,889.00","Japan","Tokyo Stock Exchange","JPY","1.00","JPY"
"7741","HOYA CORP","Precision Instruments","Equity","11,053,520,000.00","0.76","11,053,520,000.00","593,000.00","18,640.00","Japan","Tokyo Stock Exchange","JPY","1.00","JPY"
"6273","SMC (JAPAN) CORP","Machinery","Equity","10,249,412,000.00","0.70","10,249,412,000.00","118,600.00","86,420.00","Japan","Tokyo Stock Exchange","JPY","1.00","JPY"
"7733","OLYMPUS CORP","Precision Instruments","Equity","10,156,904,000.00","0.70","10,156,904,000.00","4,744,000.00","2,141.00","Japan","Tokyo Stock Exchange","JPY","1.00","JPY"
"7832","BANDAI NAMCO HOLDINGS INC","Other Products","Equity","9,944,610,000.00","0.68","9,944,610,000.00","3,558,000.00","2,795.00","Japan","Tokyo Stock Exchange","JPY","1.00","JPY"
"4503","ASTELLAS PHARMA INC","Pharmaceutical","Equity","9,775,605,000.00","0.67","9,775,605,000.00","5,930,000.00","1,648.50","Japan","Tokyo Stock Exchange","JPY","1.00","JPY"
"7974","NINTENDO LTD","Other Products","Equity","9,662,342,000.00","0.66","9,662,342,000.00","1,186,000.00","8,147.00","Japan","Tokyo Stock Exchange","JPY","1.00","JPY"
"4704","TREND MICRO INC","Information & Communication","Equity","9,420,398,000.00","0.64","9,420,398,000.00","1,186,000.00","7,943.00","Japan","Tokyo Stock Exchange","JPY","1.00","JPY"
"7735","SCREEN HOLDINGS LTD","Electric Appliances","Equity","8,947,184,000.00","0.61","8,947,184,000.00","474,400.00","18,860.00","Japan","Tokyo Stock Exchange","JPY","1.00","JPY"
"4507","SHIONOGI LTD","Pharmaceutical","Equity","8,923,464,000.00","0.61","8,923,464,000.00","1,186,000.00","7,524.00","Japan","Tokyo Stock Exchange","JPY","1.00","JPY"
"6861","KEYENCE CORP","Electric Appliances","Equity","8,330,464,000.00","0.57","8,330,464,000.00","118,600.00","70,240.00","Japan","Tokyo Stock Exchange","JPY","1.00","JPY"
"7269","SUZUKI MOTOR CORP","Transportation Equipment","Equity","8,316,232,000.00","0.57","8,316,232,000.00","4,744,000.00","1,753.00","Japan","Tokyo Stock Exchange","JPY","1.00","JPY"
"8766","TOKIO MARINE HOLDINGS INC","Insurance","Equity","8,300,814,000.00","0.57","8,300,814,000.00","1,779,000.00","4,666.00","Japan","Tokyo Stock Exchange","JPY","1.00","JPY"
"8031","MITSUI LTD","Wholesale Trade","Equity","8,205,934,000.00","0.56","8,205,934,000.00","1,186,000.00","6,919.00","Japan","Tokyo Stock Exchange","JPY","1.00","JPY"
"6981","MURATA MANUFACTURING LTD","Electric Appliances","Equity","8,021,155,200.00","0.55","8,021,155,200.00","2,846,400.00","2,818.00","Japan","Tokyo Stock Exchange","JPY","1.00","JPY"
"7751","CANON INC","Electric Appliances","Equity","8,000,163,000.00","0.55","8,000,163,000.00","1,779,000.00","4,497.00","Japan","Tokyo Stock Exchange","JPY","1.00","JPY"
"5108","BRIDGESTONE CORP","Rubber Products","Equity","7,815,740,000.00","0.53","7,815,740,000.00","1,186,000.00","6,590.00","Japan","Tokyo Stock Exchange","JPY","1.00","JPY"
"6506","YASKAWA ELECTRIC CORP","Electric Appliances","Equity","7,649,700,000.00","0.52","7,649,700,000.00","1,186,000.00","6,450.00","Japan","Tokyo Stock Exchange","JPY","1.00","JPY"
"3382","SEVEN & I HOLDINGS LTD","Retail Trade","Equity","7,576,761,000.00","0.52","7,576,761,000.00","3,558,000.00","2,129.50","Japan","Tokyo Stock Exchange","JPY","1.00","JPY"
"4578","OTSUKA HOLDINGS LTD","Pharmaceutical","Equity","7,554,820,000.00","0.52","7,554,820,000.00","1,186,000.00","6,370.00","Japan","Tokyo Stock Exchange","JPY","1.00","JPY"
"8001","ITOCHU CORP","Wholesale Trade","Equity","7,542,960,000.00","0.52","7,542,960,000.00","1,186,000.00","6,360.00","Japan","Tokyo Stock Exchange","JPY","1.00","JPY"
"4523","EISAI LTD","Pharmaceutical","Equity","7,222,740,000.00","0.49","7,222,740,000.00","1,186,000.00","6,090.00","Japan","Tokyo Stock Exchange","JPY","1.00","JPY"
"4452","KAO CORP","Chemicals","Equity","6,878,800,000.00","0.47","6,878,800,000.00","1,186,000.00","5,800.00","Japan","Tokyo Stock Exchange","JPY","1.00","JPY"
"4021","NISSAN CHEMICAL CORP","Chemicals","Equity","6,819,500,000.00","0.47","6,819,500,000.00","1,186,000.00","5,750.00","Japan","Tokyo Stock Exchange","JPY","1.00","JPY"
"8830","SUMITOMO REALTY & DEVELOPMENT LTD","Real Estate ex REIT","Equity","6,628,554,000.00","0.45","6,628,554,000.00","1,186,000.00","5,589.00","Japan","Tokyo Stock Exchange","JPY","1.00","JPY"
"2802","AJINOMOTO INC","Foods","Equity","6,589,416,000.00","0.45","6,589,416,000.00","1,186,000.00","5,556.00","Japan","Tokyo Stock Exchange","JPY","1.00","JPY"
"2502","ASAHI GROUP HOLDINGS LTD","Foods","Equity","6,544,348,000.00","0.45","6,544,348,000.00","1,186,000.00","5,518.00","Japan","Tokyo Stock Exchange","JPY","1.00","JPY"
"6645","OMRON CORP","Electric Appliances","Equity","6,451,840,000.00","0.44","6,451,840,000.00","1,186,000.00","5,440.00","Japan","Tokyo Stock Exchange","JPY","1.00","JPY"
"6724","SEIKO EPSON CORP","Electric Appliances","Equity","6,288,172,000.00","0.43","6,288,172,000.00","2,372,000.00","2,651.00","Japan","Tokyo Stock Exchange","JPY","1.00","JPY"
"2413","M3 INC","Services","Equity","6,170,995,200.00","0.42","6,170,995,200.00","2,846,400.00","2,168.00","Japan","Tokyo Stock Exchange","JPY","1.00","JPY"
"6594","NIDEC CORP","Electric Appliances","Equity","5,951,822,400.00","0.41","5,951,822,400.00","948,800.00","6,273.00","Japan","Tokyo Stock Exchange","JPY","1.00","JPY"
"3659","NEXON LTD","Information & Communication","Equity","5,889,676,000.00","0.40","5,889,676,000.00","2,372,000.00","2,483.00","Japan","Tokyo Stock Exchange","JPY","1.00","JPY"
"8801","MITSUI FUDOSAN LTD","Real Estate ex REIT","Equity","5,758,623,000.00","0.39","5,758,623,000.00","3,558,000.00","1,618.50","Japan","Tokyo Stock Exchange","JPY","1.00","JPY"
"4661","ORIENTAL LAND LTD","Services","Equity","5,660,778,000.00","0.39","5,660,778,000.00","1,186,000.00","4,773.00","Japan","Tokyo Stock Exchange","JPY","1.00","JPY"
"6305","HITACHI CONSTRUCTION MACHINERY LTD","Machinery","Equity","5,425,950,000.00","0.37","5,425,950,000.00","1,186,000.00","4,575.00","Japan","Tokyo Stock Exchange","JPY","1.00","JPY"
"1925","DAIWA HOUSE INDUSTRY LTD","Construction","Equity","5,208,912,000.00","0.36","5,208,912,000.00","1,186,000.00","4,392.00","Japan","Tokyo Stock Exchange","JPY","1.00","JPY"
"6301","KOMATSU LTD","Machinery","Equity","5,204,168,000.00","0.36","5,204,168,000.00","1,186,000.00","4,388.00","Japan","Tokyo Stock Exchange","JPY","1.00","JPY"
"7272","YAMAHA MOTOR LTD","Transportation Equipment","Equity","5,144,868,000.00","0.35","5,144,868,000.00","3,558,000.00","1,446.00","Japan","Tokyo Stock Exchange","JPY","1.00","JPY"
"4324","DENTSU GROUP INC","Services","Equity","5,128,264,000.00","0.35","5,128,264,000.00","1,186,000.00","4,324.00","Japan","Tokyo Stock Exchange","JPY","1.00","JPY"
"4911","SHISEIDO LTD","Chemicals","Equity","4,949,178,000.00","0.34","4,949,178,000.00","1,186,000.00","4,173.00","Japan","Tokyo Stock Exchange","JPY","1.00","JPY"
"2914","JAPAN TOBACCO INC","Foods","Equity","4,924,272,000.00","0.34","4,924,272,000.00","1,186,000.00","4,152.00","Japan","Tokyo Stock Exchange","JPY","1.00","JPY"
"4502","TAKEDA PHARMACEUTICAL LTD","Pharmaceutical","Equity","4,904,110,000.00","0.34","4,904,110,000.00","1,186,000.00","4,135.00","Japan","Tokyo Stock Exchange","JPY","1.00","JPY"
"6526","SOCIONEXT INC","Electric Appliances","Equity","4,859,042,000.00","0.33","4,859,042,000.00","1,186,000.00","4,097.00","Japan","Tokyo Stock Exchange","JPY","1.00","JPY"
"8697","JAPAN EXCHANGE GROUP INC","Other Financing Business","Equity","4,742,814,000.00","0.32","4,742,814,000.00","1,186,000.00","3,999.00","Japan","Tokyo Stock Exchange","JPY","1.00","JPY"
"3092","ZOZO INC","Retail Trade","Equity","4,354,992,000.00","0.30","4,354,992,000.00","1,186,000.00","3,672.00","Japan","Tokyo Stock Exchange","JPY","1.00","JPY"
"6976","TAIYO YUDEN LTD","Electric Appliances","Equity","4,293,320,000.00","0.29","4,293,320,000.00","1,186,000.00","3,620.00","Japan","Tokyo Stock Exchange","JPY","1.00","JPY"
"8053","SUMITOMO CORP","Wholesale Trade","Equity","4,236,392,000.00","0.29","4,236,392,000.00","1,186,000.00","3,572.00","Japan","Tokyo Stock Exchange","JPY","1.00","JPY"
"1721","COMSYS HOLDINGS CORP","Construction","Equity","4,129,652,000.00","0.28","4,129,652,000.00","1,186,000.00","3,482.00","Japan","Tokyo Stock Exchange","JPY","1.00","JPY"
"1928","SEKISUI HOUSE LTD","Construction","Equity","4,126,094,000.00","0.28","4,126,094,000.00","1,186,000.00","3,479.00","Japan","Tokyo Stock Exchange","JPY","1.00","JPY"
"6841","YOKOGAWA ELECTRIC CORP","Electric Appliances","Equity","4,124,908,000.00","0.28","4,124,908,000.00","1,186,000.00","3,478.00","Japan","Tokyo Stock Exchange","JPY","1.00","JPY"
"8267","AEON LTD","Retail Trade","Equity","4,098,816,000.00","0.28","4,098,816,000.00","1,186,000.00","3,456.00","Japan","Tokyo Stock Exchange","JPY","1.00","JPY"
"7270","SUBARU CORP","Transportation Equipment","Equity","3,968,356,000.00","0.27","3,968,356,000.00","1,186,000.00","3,346.00","Japan","Tokyo Stock Exchange","JPY","1.00","JPY"
"7951","YAMAHA CORP","Other Products","Equity","3,836,710,000.00","0.26","3,836,710,000.00","1,186,000.00","3,235.00","Japan","Tokyo Stock Exchange","JPY","1.00","JPY"
"8591","ORIX CORP","Other Financing Business","Equity","3,794,014,000.00","0.26","3,794,014,000.00","1,186,000.00","3,199.00","Japan","Tokyo Stock Exchange","JPY","1.00","JPY"
"9009","KEISEI ELECTRIC RAILWAY LTD","Land Transportation","Equity","3,667,705,000.00","0.25","3,667,705,000.00","593,000.00","6,185.00","Japan","Tokyo Stock Exchange","JPY","1.00","JPY"
"8253","CREDIT SAISON LTD","Other Financing Business","Equity","3,624,416,000.00","0.25","3,624,416,000.00","1,186,000.00","3,056.00","Japan","Tokyo Stock Exchange","JPY","1.00","JPY"
"6479","MINEBEA MITSUMI INC","Electric Appliances","Equity","3,490,398,000.00","0.24","3,490,398,000.00","1,186,000.00","2,943.00","Japan","Tokyo Stock Exchange","JPY","1.00","JPY"
"9201","JAPAN AIRLINES LTD","Air Transportation","Equity","3,408,564,000.00","0.23","3,408,564,000.00","1,186,000.00","2,874.00","Japan","Tokyo Stock Exchange","JPY","1.00","JPY"
"6361","EBARA CORP","Machinery","Equity","3,263,872,000.00","0.22","3,263,872,000.00","237,200.00","13,760.00","Japan","Tokyo Stock Exchange","JPY","1.00","JPY"
"8802","MITSUBISHI ESTATE CO LTD","Real Estate ex REIT","Equity","3,247,268,000.00","0.22","3,247,268,000.00","1,186,000.00","2,738.00","Japan","Tokyo Stock Exchange","JPY","1.00","JPY"
"6723","RENESAS ELECTRONICS CORP","Electric Appliances","Equity","3,227,106,000.00","0.22","3,227,106,000.00","1,186,000.00","2,721.00","Japan","Tokyo Stock Exchange","JPY","1.00","JPY"
"6501","HITACHI LTD","Electric Appliances","Equity","3,208,130,000.00","0.22","3,208,130,000.00","237,200.00","13,525.00","Japan","Tokyo Stock Exchange","JPY","1.00","JPY"
"4151","KYOWA KIRIN LTD","Pharmaceutical","Equity","3,069,961,000.00","0.21","3,069,961,000.00","1,186,000.00","2,588.50","Japan","Tokyo Stock Exchange","JPY","1.00","JPY"
"8002","MARUBENI CORP","Wholesale Trade","Equity","3,039,718,000.00","0.21","3,039,718,000.00","1,186,000.00","2,563.00","Japan","Tokyo Stock Exchange","JPY","1.00","JPY"
"2282","NH FOODS LTD","Foods","Equity","2,945,431,000.00","0.20","2,945,431,000.00","593,000.00","4,967.00","Japan","Tokyo Stock Exchange","JPY","1.00","JPY"
"6702","FUJITSU LTD","Electric Appliances","Equity","2,935,943,000.00","0.20","2,935,943,000.00","1,186,000.00","2,475.50","Japan","Tokyo Stock Exchange","JPY","1.00","JPY"
"6503","MITSUBISHI ELECTRIC CORP","Electric Appliances","Equity","2,931,792,000.00","0.20","2,931,792,000.00","1,186,000.00","2,472.00","Japan","Tokyo Stock Exchange","JPY","1.00","JPY"
"8252","MARUI GROUP LTD","Retail Trade","Equity","2,898,584,000.00","0.20","2,898,584,000.00","1,186,000.00","2,444.00","Japan","Tokyo Stock Exchange","JPY","1.00","JPY"
"9301","MITSUBISHI LOGISTICS CORP","Warehousing & Harbor Transportation Services","Equity","2,885,538,000.00","0.20","2,885,538,000.00","593,000.00","4,866.00","Japan","Tokyo Stock Exchange","JPY","1.00","JPY"
"3099","ISETAN MITSUKOSHI HOLDINGS LTD","Retail Trade","Equity","2,879,608,000.00","0.20","2,879,608,000.00","1,186,000.00","2,428.00","Japan","Tokyo Stock Exchange","JPY","1.00","JPY"
"8725","MS&AD INSURANCE GROUP HOLDINGS INC","Insurance","Equity","2,852,092,800.00","0.20","2,852,092,800.00","1,067,400.00","2,672.00","Japan","Tokyo Stock Exchange","JPY","1.00","JPY"
"5713","SUMITOMO METAL MINING LTD","Nonferrous Metal","Equity","2,826,831,000.00","0.19","2,826,831,000.00","593,000.00","4,767.00","Japan","Tokyo Stock Exchange","JPY","1.00","JPY"
"6326","KUBOTA CORP","Machinery","Equity","2,800,739,000.00","0.19","2,800,739,000.00","1,186,000.00","2,361.50","Japan","Tokyo Stock Exchange","JPY","1.00","JPY"
"7912","DAI NIPPON PRINTING LTD","Other Products","Equity","2,691,034,000.00","0.18","2,691,034,000.00","593,000.00","4,538.00","Japan","Tokyo Stock Exchange","JPY","1.00","JPY"
"5802","SUMITOMO ELECTRIC INDUSTRIES LTD","Nonferrous Metal","Equity","2,688,662,000.00","0.18","2,688,662,000.00","1,186,000.00","2,267.00","Japan","Tokyo Stock Exchange","JPY","1.00","JPY"
"5803","FUJIKURA LTD","Nonferrous Metal","Equity","2,662,570,000.00","0.18","2,662,570,000.00","1,186,000.00","2,245.00","Japan","Tokyo Stock Exchange","JPY","1.00","JPY"
"9064","YAMATO HOLDINGS LTD","Land Transportation","Equity","2,544,563,000.00","0.17","2,544,563,000.00","1,186,000.00","2,145.50","Japan","Tokyo Stock Exchange","JPY","1.00","JPY"
"2503","KIRIN HOLDINGS LTD","Foods","Equity","2,478,147,000.00","0.17","2,478,147,000.00","1,186,000.00","2,089.50","Japan","Tokyo Stock Exchange","JPY","1.00","JPY"
"5332","TOTO LTD","Glass & Ceramics Products","Equity","2,468,659,000.00","0.17","2,468,659,000.00","593,000.00","4,163.00","Japan","Tokyo Stock Exchange","JPY","1.00","JPY"
"2002","NISSHIN SEIFUN GROUP INC","Foods","Equity","2,443,753,000.00","0.17","2,443,753,000.00","1,186,000.00","2,060.50","Japan","Tokyo Stock Exchange","JPY","1.00","JPY"
"5019","IDEMITSU KOSAN LTD","Oil & Coal Products","Equity","2,433,672,000.00","0.17","2,433,672,000.00","2,372,000.00","1,026.00","Japan","Tokyo Stock Exchange","JPY","1.00","JPY"
"2871","NICHIREI CORP","Foods","Equity","2,392,755,000.00","0.16","2,392,755,000.00","593,000.00","4,035.00","Japan","Tokyo Stock Exchange","JPY","1.00","JPY"
"6504","FUJI ELECTRIC LTD","Electric Appliances","Equity","2,392,162,000.00","0.16","2,392,162,000.00","237,200.00","10,085.00","Japan","Tokyo Stock Exchange","JPY","1.00","JPY"
"5333","NGK INSULATORS LTD","Glass & Ceramics Products","Equity","2,378,523,000.00","0.16","2,378,523,000.00","1,186,000.00","2,005.50","Japan","Tokyo Stock Exchange","JPY","1.00","JPY"
"9434","SOFTBANK CORP","Information & Communication","Equity","2,291,945,000.00","0.16","2,291,945,000.00","1,186,000.00","1,932.50","Japan","Tokyo Stock Exchange","JPY","1.00","JPY"
"4385","MERCARI INC","Information & Communication","Equity","2,253,993,000.00","0.15","2,253,993,000.00","1,186,000.00","1,900.50","Japan","Tokyo Stock Exchange","JPY","1.00","JPY"
"5101","YOKOHAMA RUBBER LTD","Rubber Products","Equity","2,242,133,000.00","0.15","2,242,133,000.00","593,000.00","3,781.00","Japan","Tokyo Stock Exchange","JPY","1.00","JPY"
"7911","TOPPAN HOLDINGS INC","Other Products","Equity","2,235,610,000.00","0.15","2,235,610,000.00","593,000.00","3,770.00","Japan","Tokyo Stock Exchange","JPY","1.00","JPY"
"8630","SOMPO HOLDINGS INC","Insurance","Equity","2,189,593,200.00","0.15","2,189,593,200.00","711,600.00","3,077.00","Japan","Tokyo Stock Exchange","JPY","1.00","JPY"
"9022","CENTRAL JAPAN RAILWAY","Land Transportation","Equity","2,154,369,000.00","0.15","2,154,369,000.00","593,000.00","3,633.00","Japan","Tokyo Stock Exchange","JPY","1.00","JPY"
"1802","OBAYASHI CORP","Construction","Equity","2,111,080,000.00","0.14","2,111,080,000.00","1,186,000.00","1,780.00","Japan","Tokyo Stock Exchange","JPY","1.00","JPY"
"9432","NIPPON TELEGRAPH AND TELEPHONE COR","Information & Communication","Equity","2,103,964,000.00","0.14","2,103,964,000.00","11,860,000.00","177.40","Japan","Tokyo Stock Exchange","JPY","1.00","JPY"
"9107","KAWASAKI KISEN LTD","Marine Transportation","Equity","2,085,699,600.00","0.14","2,085,699,600.00","1,067,400.00","1,954.00","Japan","Tokyo Stock Exchange","JPY","1.00","JPY"
"6113","AMADA LTD","Machinery","Equity","1,996,631,000.00","0.14","1,996,631,000.00","1,186,000.00","1,683.50","Japan","Tokyo Stock Exchange","JPY","1.00","JPY"
"3405","KURARAY LTD","Chemicals","Equity","1,919,541,000.00","0.13","1,919,541,000.00","1,186,000.00","1,618.50","Japan","Tokyo Stock Exchange","JPY","1.00","JPY"
"7731","NIKON CORP","Precision Instruments","Equity","1,827,626,000.00","0.13","1,827,626,000.00","1,186,000.00","1,541.00","Japan","Tokyo Stock Exchange","JPY","1.00","JPY"
"1812","KAJIMA CORP","Construction","Equity","1,811,022,000.00","0.12","1,811,022,000.00","593,000.00","3,054.00","Japan","Tokyo Stock Exchange","JPY","1.00","JPY"
"1963","JGC HOLDINGS CORP","Construction","Equity","1,783,151,000.00","0.12","1,783,151,000.00","1,186,000.00","1,503.50","Japan","Tokyo Stock Exchange","JPY","1.00","JPY"
"8306","MITSUBISHI UFJ FINANCIAL GROUP INC","Banks","Equity","1,772,477,000.00","0.12","1,772,477,000.00","1,186,000.00","1,494.50","Japan","Tokyo Stock Exchange","JPY","1.00","JPY"
"6178","JAPAN POST HOLDINGS LTD","Services","Equity","1,745,199,000.00","0.12","1,745,199,000.00","1,186,000.00","1,471.50","Japan","Tokyo Stock Exchange","JPY","1.00","JPY"
"6103","OKUMA CORP","Machinery","Equity","1,679,613,200.00","0.11","1,679,613,200.00","237,200.00","7,081.00","Japan","Tokyo Stock Exchange","JPY","1.00","JPY"
"5831","SHIZUOKA FINANCIAL GROUP INC","Banks","Equity","1,669,888,000.00","0.11","1,669,888,000.00","1,186,000.00","1,408.00","Japan","Tokyo Stock Exchange","JPY","1.00","JPY"
"7011","MITSUBISHI HEAVY INDUSTRIES LTD","Machinery","Equity","1,655,656,000.00","0.11","1,655,656,000.00","1,186,000.00","1,396.00","Japan","Tokyo Stock Exchange","JPY","1.00","JPY"
"6752","PANASONIC HOLDINGS CORP","Electric Appliances","Equity","1,636,680,000.00","0.11","1,636,680,000.00","1,186,000.00","1,380.00","Japan","Tokyo Stock Exchange","JPY","1.00","JPY"
"6952","CASIO COMPUTER LTD","Electric Appliances","Equity","1,614,146,000.00","0.11","1,614,146,000.00","1,186,000.00","1,361.00","Japan","Tokyo Stock Exchange","JPY","1.00","JPY"
"6473","JTEKT CORP","Machinery","Equity","1,606,437,000.00","0.11","1,606,437,000.00","1,186,000.00","1,354.50","Japan","Tokyo Stock Exchange","JPY","1.00","JPY"
"2269","MEIJI HOLDINGS LTD","Foods","Equity","1,602,997,600.00","0.11","1,602,997,600.00","474,400.00","3,379.00","Japan","Tokyo Stock Exchange","JPY","1.00","JPY"
"7752","RICOH LTD","Electric Appliances","Equity","1,590,426,000.00","0.11","1,590,426,000.00","1,186,000.00","1,341.00","Japan","Tokyo Stock Exchange","JPY","1.00","JPY"
"9104","MITSUI OSK LINES LTD","Marine Transportation","Equity","1,575,838,200.00","0.11","1,575,838,200.00","355,800.00","4,429.00","Japan","Tokyo Stock Exchange","JPY","1.00","JPY"
"8804","TOKYO TATEMONO LTD","Real Estate ex REIT","Equity","1,490,505,500.00","0.10","1,490,505,500.00","593,000.00","2,513.50","Japan","Tokyo Stock Exchange","JPY","1.00","JPY"
"8331","CHIBA BANK LTD","Banks","Equity","1,442,769,000.00","0.10","1,442,769,000.00","1,186,000.00","1,216.50","Japan","Tokyo Stock Exchange","JPY","1.00","JPY"
"3289","TOKYU FUDOSAN HOLDINGS CORP","Real Estate ex REIT","Equity","1,427,351,000.00","0.10","1,427,351,000.00","1,186,000.00","1,203.50","Japan","Tokyo Stock Exchange","JPY","1.00","JPY"
"8233","TAKASHIMAYA LTD","Retail Trade","Equity","1,415,194,500.00","0.10","1,415,194,500.00","593,000.00","2,386.50","Japan","Tokyo Stock Exchange","JPY","1.00","JPY"
"6770","ALPS ALPINE LTD","Electric Appliances","Equity","1,413,712,000.00","0.10","1,413,712,000.00","1,186,000.00","1,192.00","Japan","Tokyo Stock Exchange","JPY","1.00","JPY"
"9101","NIPPON YUSEN","Marine Transportation","Equity","1,409,323,800.00","0.10","1,409,323,800.00","355,800.00","3,961.00","Japan","Tokyo Stock Exchange","JPY","1.00","JPY"
"2501","SAPPORO HOLDINGS LTD","Foods","Equity","1,398,294,000.00","0.10","1,398,294,000.00","237,200.00","5,895.00","Japan","Tokyo Stock Exchange","JPY","1.00","JPY"
"5214","NIPPON ELECTRIC GLASS LTD","Glass & Ceramics Products","Equity","1,355,953,800.00","0.09","1,355,953,800.00","355,800.00","3,811.00","Japan","Tokyo Stock Exchange","JPY","1.00","JPY"
"8601","DAIWA SECURITIES GROUP INC","Securities","Equity","1,346,110,000.00","0.09","1,346,110,000.00","1,186,000.00","1,135.00","Japan","Tokyo Stock Exchange","JPY","1.00","JPY"
"1801","TAISEI CORP","Construction","Equity","1,324,050,400.00","0.09","1,324,050,400.00","237,200.00","5,582.00","Japan","Tokyo Stock Exchange","JPY","1.00","JPY"
"5201","AGC INC","Glass & Ceramics Products","Equity","1,304,362,800.00","0.09","1,304,362,800.00","237,200.00","5,499.00","Japan","Tokyo Stock Exchange","JPY","1.00","JPY"
"6701","NEC CORP","Electric Appliances","Equity","1,298,670,000.00","0.09","1,298,670,000.00","118,600.00","10,950.00","Japan","Tokyo Stock Exchange","JPY","1.00","JPY"
"3407","ASAHI KASEI CORP","Chemicals","Equity","1,273,764,000.00","0.09","1,273,764,000.00","1,186,000.00","1,074.00","Japan","Tokyo Stock Exchange","JPY","1.00","JPY"
"5714","DOWA HOLDINGS LTD","Nonferrous Metal","Equity","1,250,755,600.00","0.09","1,250,755,600.00","237,200.00","5,273.00","Japan","Tokyo Stock Exchange","JPY","1.00","JPY"
"4042","TOSOH CORP","Chemicals","Equity","1,230,178,500.00","0.08","1,230,178,500.00","593,000.00","2,074.50","Japan","Tokyo Stock Exchange","JPY","1.00","JPY"
"7202","ISUZU MOTORS LTD","Transportation Equipment","Equity","1,223,655,500.00","0.08","1,223,655,500.00","593,000.00","2,063.50","Japan","Tokyo Stock Exchange","JPY","1.00","JPY"
"7762","CITIZEN WATCH LTD","Precision Instruments","Equity","1,216,836,000.00","0.08","1,216,836,000.00","1,186,000.00","1,026.00","Japan","Tokyo Stock Exchange","JPY","1.00","JPY"
"5301","TOKAI CARBON LTD","Glass & Ceramics Products","Equity","1,197,860,000.00","0.08","1,197,860,000.00","1,186,000.00","1,010.00","Japan","Tokyo Stock Exchange","JPY","1.00","JPY"
"9007","ODAKYU ELECTRIC RAILWAY LTD","Land Transportation","Equity","1,152,792,000.00","0.08","1,152,792,000.00","593,000.00","1,944.00","Japan","Tokyo Stock Exchange","JPY","1.00","JPY"
"1803","SHIMIZU CORP","Construction","Equity","1,141,525,000.00","0.08","1,141,525,000.00","1,186,000.00","962.50","Japan","Tokyo Stock Exchange","JPY","1.00","JPY"
"1332","NISSUI CORP","Fishery, Agriculture & Forestry","Equity","1,106,775,200.00","0.08","1,106,775,200.00","1,186,000.00","933.20","Japan","Tokyo Stock Exchange","JPY","1.00","JPY"
"8604","NOMURA HOLDINGS INC","Securities","Equity","1,104,047,400.00","0.08","1,104,047,400.00","1,186,000.00","930.90","Japan","Tokyo Stock Exchange","JPY","1.00","JPY"
"1605","INPEX CORP","Mining","Equity","1,102,742,800.00","0.08","1,102,742,800.00","474,400.00","2,324.50","Japan","Tokyo Stock Exchange","JPY","1.00","JPY"
"6302","SUMITOMO HEAVY INDUSTRIES LTD","Machinery","Equity","1,102,505,600.00","0.08","1,102,505,600.00","237,200.00","4,648.00","Japan","Tokyo Stock Exchange","JPY","1.00","JPY"
"9005","TOKYU CORP","Land Transportation","Equity","1,082,225,000.00","0.07","1,082,225,000.00","593,000.00","1,825.00","Japan","Tokyo Stock Exchange","JPY","1.00","JPY"
"6471","NSK LTD","Machinery","Equity","1,047,593,800.00","0.07","1,047,593,800.00","1,186,000.00","883.30","Japan","Tokyo Stock Exchange","JPY","1.00","JPY"
"8316","SUMITOMO MITSUI FINANCIAL GROUP IN","Banks","Equity","1,018,655,400.00","0.07","1,018,655,400.00","118,600.00","8,589.00","Japan","Tokyo Stock Exchange","JPY","1.00","JPY"
"4751","CYBER AGENT INC","Services","Equity","1,016,164,800.00","0.07","1,016,164,800.00","948,800.00","1,071.00","Japan","Tokyo Stock Exchange","JPY","1.00","JPY"
"9020","EAST JAPAN RAILWAY","Land Transportation","Equity","1,015,275,300.00","0.07","1,015,275,300.00","355,800.00","2,853.50","Japan","Tokyo Stock Exchange","JPY","1.00","JPY"
"6753","SHARP CORP","Electric Appliances","Equity","1,013,318,400.00","0.07","1,013,318,400.00","1,186,000.00","854.40","Japan","Tokyo Stock Exchange","JPY","1.00","JPY"
"4755","RAKUTEN GROUP INC","Services","Equity","998,374,800.00","0.07","998,374,800.00","1,186,000.00","841.80","Japan","Tokyo Stock Exchange","JPY","1.00","JPY"
"4183","MITSUI CHEMICALS INC","Chemicals","Equity","991,733,200.00","0.07","991,733,200.00","237,200.00","4,181.00","Japan","Tokyo Stock Exchange","JPY","1.00","JPY"
"9008","KEIO CORP","Land Transportation","Equity","964,929,600.00","0.07","964,929,600.00","237,200.00","4,068.00","Japan","Tokyo Stock Exchange","JPY","1.00","JPY"
"3086","J.FRONT RETAILING LTD","Retail Trade","Equity","956,805,500.00","0.07","956,805,500.00","593,000.00","1,613.50","Japan","Tokyo Stock Exchange","JPY","1.00","JPY"
"8354","FUKUOKA FINANCIAL GROUP INC","Banks","Equity","925,080,000.00","0.06","925,080,000.00","237,200.00","3,900.00","Japan","Tokyo Stock Exchange","JPY","1.00","JPY"
"9147","NIPPON EXPRESS HOLDINGS INC","Land Transportation","Equity","911,085,200.00","0.06","911,085,200.00","118,600.00","7,682.00","Japan","Tokyo Stock Exchange","JPY","1.00","JPY"
"7186","CONCORDIA FINANCIAL GROUP LTD","Banks","Equity","884,044,400.00","0.06","884,044,400.00","1,186,000.00","745.40","Japan","Tokyo Stock Exchange","JPY","1.00","JPY"
"9001","TOBU RAILWAY LTD","Land Transportation","Equity","861,273,200.00","0.06","861,273,200.00","237,200.00","3,631.00","Japan","Tokyo Stock Exchange","JPY","1.00","JPY"
"3402","TORAY INDUSTRIES INC","Textiles & Apparel","Equity","851,192,200.00","0.06","851,192,200.00","1,186,000.00","717.70","Japan","Tokyo Stock Exchange","JPY","1.00","JPY"
"5020","ENEOS HOLDINGS INC","Oil & Coal Products","Equity","844,550,600.00","0.06","844,550,600.00","1,186,000.00","712.10","Japan","Tokyo Stock Exchange","JPY","1.00","JPY"
"MSJP","CASH COLLATERAL JPY MSJP","Other","Cash Collateral and Margins","825,842,556.00","0.06","825,842,556.00","825,842,556.00","100.00","Japan","-","JPY","1.00","JPY"
"5631","JAPAN STEEL WORKS LTD","Machinery","Equity","806,954,400.00","0.06","806,954,400.00","237,200.00","3,402.00","Japan","Tokyo Stock Exchange","JPY","1.00","JPY"
"9531","TOKYO GAS LTD","Electric Power & Gas","Equity","796,280,400.00","0.05","796,280,400.00","237,200.00","3,357.00","Japan","Tokyo Stock Exchange","JPY","1.00","JPY"
"9532","OSAKA GAS LTD","Electric Power & Gas","Equity","787,978,400.00","0.05","787,978,400.00","237,200.00","3,322.00","Japan","Tokyo Stock Exchange","JPY","1.00","JPY"
"3861","OJI HOLDINGS CORP","Pulp & Paper","Equity","754,770,400.00","0.05","754,770,400.00","1,186,000.00","636.40","Japan","Tokyo Stock Exchange","JPY","1.00","JPY"
"8309","SUMITOMO MITSUI TRUST HOLDINGS INC","Banks","Equity","749,314,800.00","0.05","749,314,800.00","237,200.00","3,159.00","Japan","Tokyo Stock Exchange","JPY","1.00","JPY"
"6674","GS YUASA CORP","Electric Appliances","Equity","728,204,000.00","0.05","728,204,000.00","237,200.00","3,070.00","Japan","Tokyo Stock Exchange","JPY","1.00","JPY"
"9021","WEST JAPAN RAILWAY","Land Transportation","Equity","723,222,800.00","0.05","723,222,800.00","237,200.00","3,049.00","Japan","Tokyo Stock Exchange","JPY","1.00","JPY"
"7201","NISSAN MOTOR LTD","Transportation Equipment","Equity","697,368,000.00","0.05","697,368,000.00","1,186,000.00","588.00","Japan","Tokyo Stock Exchange","JPY","1.00","JPY"
"4043","TOKUYAMA CORP","Chemicals","Equity","641,744,600.00","0.04","641,744,600.00","237,200.00","2,705.50","Japan","Tokyo Stock Exchange","JPY","1.00","JPY"
"8795","T&D HOLDINGS INC","Insurance","Equity","616,482,800.00","0.04","616,482,800.00","237,200.00","2,599.00","Japan","Tokyo Stock Exchange","JPY","1.00","JPY"
"7205","HINO MOTORS LTD","Transportation Equipment","Equity","599,641,600.00","0.04","599,641,600.00","1,186,000.00","505.60","Japan","Tokyo Stock Exchange","JPY","1.00","JPY"
"4902","KONICA MINOLTA INC","Electric Appliances","Equity","583,867,800.00","0.04","583,867,800.00","1,186,000.00","492.30","Japan","Tokyo Stock Exchange","JPY","1.00","JPY"
"9602","TOHO (TOKYO) LTD","Information & Communication","Equity","580,547,000.00","0.04","580,547,000.00","118,600.00","4,895.00","Japan","Tokyo Stock Exchange","JPY","1.00","JPY"
"7012","KAWASAKI HEAVY INDUSTRIES LTD","Transportation Equipment","Equity","565,722,000.00","0.04","565,722,000.00","118,600.00","4,770.00","Japan","Tokyo Stock Exchange","JPY","1.00","JPY"
"4061","DENKA CO LTD","Chemicals","Equity","553,269,000.00","0.04","553,269,000.00","237,200.00","2,332.50","Japan","Tokyo Stock Exchange","JPY","1.00","JPY"
"5706","MITSUI MINING AND SMELTING LTD","Nonferrous Metal","Equity","540,223,000.00","0.04","540,223,000.00","118,600.00","4,555.00","Japan","Tokyo Stock Exchange","JPY","1.00","JPY"
"2432","DENA LTD","Services","Equity","540,104,400.00","0.04","540,104,400.00","355,800.00","1,518.00","Japan","Tokyo Stock Exchange","JPY","1.00","JPY"
"4188","MITSUBISHI CHEMICAL GROUP CORP","Chemicals","Equity","530,438,500.00","0.04","530,438,500.00","593,000.00","894.50","Japan","Tokyo Stock Exchange","JPY","1.00","JPY"
"4506","SUMITOMO PHARMA LTD","Pharmaceutical","Equity","474,400,000.00","0.03","474,400,000.00","1,186,000.00","400.00","Japan","Tokyo Stock Exchange","JPY","1.00","JPY"
"7013","IHI CORP","Machinery","Equity","473,214,000.00","0.03","473,214,000.00","118,600.00","3,990.00","Japan","Tokyo Stock Exchange","JPY","1.00","JPY"
"2768","SOJITZ CORP","Wholesale Trade","Equity","462,065,600.00","0.03","462,065,600.00","118,600.00","3,896.00","Japan","Tokyo Stock Exchange","JPY","1.00","JPY"
"8750","DAI-ICHI LIFE HOLDINGS INC","Insurance","Equity","449,849,800.00","0.03","449,849,800.00","118,600.00","3,793.00","Japan","Tokyo Stock Exchange","JPY","1.00","JPY"
"1808","HASEKO CORP","Construction","Equity","441,192,000.00","0.03","441,192,000.00","237,200.00","1,860.00","Japan","Tokyo Stock Exchange","JPY","1.00","JPY"
"5401","NIPPON STEEL CORP","Iron & Steel","Equity","437,871,200.00","0.03","437,871,200.00","118,600.00","3,692.00","Japan","Tokyo Stock Exchange","JPY","1.00","JPY"
"4004","RESONAC HOLDINGS","Chemicals","Equity","414,151,200.00","0.03","414,151,200.00","118,600.00","3,492.00","Japan","Tokyo Stock Exchange","JPY","1.00","JPY"
"5233","TAIHEIYO CEMENT CORP","Glass & Ceramics Products","Equity","406,798,000.00","0.03","406,798,000.00","118,600.00","3,430.00","Japan","Tokyo Stock Exchange","JPY","1.00","JPY"
"4005","SUMITOMO CHEMICAL LTD","Chemicals","Equity","404,781,800.00","0.03","404,781,800.00","1,186,000.00","341.30","Japan","Tokyo Stock Exchange","JPY","1.00","JPY"
"7261","MAZDA MOTOR CORP","Transportation Equipment","Equity","403,358,600.00","0.03","403,358,600.00","237,200.00","1,700.50","Japan","Tokyo Stock Exchange","JPY","1.00","JPY"
"9202","ANA HOLDINGS INC","Air Transportation","Equity","370,506,400.00","0.03","370,506,400.00","118,600.00","3,124.00","Japan","Tokyo Stock Exchange","JPY","1.00","JPY"
"5801","FURUKAWA ELECTRIC LTD","Nonferrous Metal","Equity","367,304,200.00","0.03","367,304,200.00","118,600.00","3,097.00","Japan","Tokyo Stock Exchange","JPY","1.00","JPY"
"6472","NTN CORP","Machinery","Equity","363,034,600.00","0.02","363,034,600.00","1,186,000.00","306.10","Japan","Tokyo Stock Exchange","JPY","1.00","JPY"
"8411","MIZUHO FINANCIAL GROUP INC","Banks","Equity","346,727,100.00","0.02","346,727,100.00","118,600.00","2,923.50","Japan","Tokyo Stock Exchange","JPY","1.00","JPY"
"4631","DIC CORP","Chemicals","Equity","341,449,400.00","0.02","341,449,400.00","118,600.00","2,879.00","Japan","Tokyo Stock Exchange","JPY","1.00","JPY"
"5711","MITSUBISHI MATERIALS CORP","Nonferrous Metal","Equity","336,468,200.00","0.02","336,468,200.00","118,600.00","2,837.00","Japan","Tokyo Stock Exchange","JPY","1.00","JPY"
"3401","TEIJIN LTD","Textiles & Apparel","Equity","332,791,600.00","0.02","332,791,600.00","237,200.00","1,403.00","Japan","Tokyo Stock Exchange","JPY","1.00","JPY"
"4208","UBE CORP","Chemicals","Equity","314,942,300.00","0.02","314,942,300.00","118,600.00","2,655.50","Japan","Tokyo Stock Exchange","JPY","1.00","JPY"
"7004","HITACHI ZOSEN CORP","Machinery","Equity","300,058,000.00","0.02","300,058,000.00","237,200.00","1,265.00","Japan","Tokyo Stock Exchange","JPY","1.00","JPY"
"5411","JFE HOLDINGS INC","Iron & Steel","Equity","295,847,700.00","0.02","295,847,700.00","118,600.00","2,494.50","Japan","Tokyo Stock Exchange","JPY","1.00","JPY"
"3436","SUMCO CORP","Metal Products","Equity","292,704,800.00","0.02","292,704,800.00","118,600.00","2,468.00","Japan","Tokyo Stock Exchange","JPY","1.00","JPY"
"8304","AOZORA BANK LTD","Banks","Equity","283,572,600.00","0.02","283,572,600.00","118,600.00","2,391.00","Japan","Tokyo Stock Exchange","JPY","1.00","JPY"
"9503","KANSAI ELECTRIC POWER INC","Electric Power & Gas","Equity","252,440,100.00","0.02","252,440,100.00","118,600.00","2,128.50","Japan","Tokyo Stock Exchange","JPY","1.00","JPY"
"5406","KOBE STEEL LTD","Iron & Steel","Equity","237,081,400.00","0.02","237,081,400.00","118,600.00","1,999.00","Japan","Tokyo Stock Exchange","JPY","1.00","JPY"
"9502","CHUBU ELECTRIC POWER INC","Electric Power & Gas","Equity","228,720,100.00","0.02","228,720,100.00","118,600.00","1,928.50","Japan","Tokyo Stock Exchange","JPY","1.00","JPY"
"4689","LY CORP","Information & Communication","Equity","179,797,600.00","0.01","179,797,600.00","474,400.00","379.00","Japan","Tokyo Stock Exchange","JPY","1.00","JPY"
"3863","NIPPON PAPER INDUSTRIES LTD","Pulp & Paper","Equity","138,287,600.00","0.01","138,287,600.00","118,600.00","1,166.00","Japan","Tokyo Stock Exchange","JPY","1.00","JPY"
"8308","RESONA HOLDINGS INC","Banks","Equity","108,886,660.00","0.01","108,886,660.00","118,600.00","918.10","Japan","Tokyo Stock Exchange","JPY","1.00","JPY"
"9501","TOKYO ELECTRIC POWER HOLDINGS INC","Electric Power & Gas","Equity","107,404,160.00","0.01","107,404,160.00","118,600.00","905.60","Japan","Tokyo Stock Exchange","JPY","1.00","JPY"
"7211","MITSUBISHI MOTORS CORP","Transportation Equipment","Equity","58,434,220.00","0.00","58,434,220.00","118,600.00","492.70","Japan","Tokyo Stock Exchange","JPY","1.00","JPY"
"NKM4","NIKKEI 225 (OSE) JUN 24","Other","Futures","0.00","0.00","15,648,640,000.00","392.00","39,920.00","-","Osaka Securities Exchange","JPY","1.00","JPY"
 
* The data source for the holdings data has changed on June 30th 2019. Holdings data on or after June 30th 2019 is based on data sourced in-house. * The reflection timing for holdings data in creation and redemption activities is different from accounting book of record * The data source and calculation methodology for NAV and Net Assets remains unchanged.